C¢digo da UO;C¢digo da A‡Æo;C¢digo da Fonte;C¢digo da Natureza;Nome  da Natureza;Valor Or‡ado Inicial;Valor Atual ;Valor Empenhado
18101;5136;331;3.3.90.39.00;Outros Servi‡os de Terceiros - Pessoa Jur¡dica;0,00;1.158.771,00;0,00
18101;5136;328;3.3.90.39.00;Outros Servi‡os de Terceiros - Pessoa Jur¡dica;0,00;0,00;0,00
18101;5136;328;3.3.90.39.00;Outros Servi‡os de Terceiros - Pessoa Jur¡dica;0,00;0,00;0,00
18101;5136;328;4.4.90.39.00;Outros Servi‡os de Terceiros - Pessoa Jur¡dica;0,00;0,00;0,00
18101;5136;328;4.4.90.39.00;Outros Servi‡os de Terceiros - Pessoa Jur¡dica;0,00;0,00;0,00
18101;5136;328;3.3.90.39.00;Outros Servi‡os de Terceiros - Pessoa Jur¡dica;0,00;0,00;0,00
18101;5136;328;3.3.90.39.00;Outros Servi‡os de Terceiros - Pessoa Jur¡dica;0,00;0,00;0,00
18101;5136;328;4.4.90.39.00;Outros Servi‡os de Terceiros - Pessoa Jur¡dica;0,00;15.150,00;0,00
18101;5136;328;3.3.90.39.00;Outros Servi‡os de Terceiros - Pessoa Jur¡dica;0,00;2.136,00;0,00
18101;5136;328;4.4.90.39.00;Outros Servi‡os de Terceiros - Pessoa Jur¡dica;0,00;19.568,00;0,00
18101;5136;331;4.4.90.39.00;Outros Servi‡os de Terceiros - Pessoa Jur¡dica;0,00;0,00;347.502,93
18101;5136;331;4.4.90.39.00;Outros Servi‡os de Terceiros - Pessoa Jur¡dica;0,00;0,00;854.627,95
18101;5136;331;3.3.90.39.00;Outros Servi‡os de Terceiros - Pessoa Jur¡dica;0,00;0,00;0,00
18101;5136;331;4.4.90.39.00;Outros Servi‡os de Terceiros - Pessoa Jur¡dica;0,00;0,00;870.093,63
18101;5136;331;3.3.90.39.00;Outros Servi‡os de Terceiros - Pessoa Jur¡dica;0,00;334.878,00;0,00
18101;5136;331;4.4.90.39.00;Outros Servi‡os de Terceiros - Pessoa Jur¡dica;0,00;821.674,00;0,00
18101;5136;331;3.3.90.39.00;Outros Servi‡os de Terceiros - Pessoa Jur¡dica;0,00;231.754,00;0,00
18101;5136;331;4.4.90.39.00;Outros Servi‡os de Terceiros - Pessoa Jur¡dica;0,00;2.551.299,00;0,00
18101;5136;331;3.3.90.39.00;Outros Servi‡os de Terceiros - Pessoa Jur¡dica;0,00;77.252,00;0,00
18101;5136;331;4.4.90.39.00;Outros Servi‡os de Terceiros - Pessoa Jur¡dica;0,00;1.643.347,00;0,00
18101;5136;331;4.4.90.39.00;Outros Servi‡os de Terceiros - Pessoa Jur¡dica;0,00;547.782,00;0,00
18101;5136;331;3.3.90.39.00;Outros Servi‡os de Terceiros - Pessoa Jur¡dica;0,00;386.257,00;0,00
18101;5136;331;4.4.90.39.00;Outros Servi‡os de Terceiros - Pessoa Jur¡dica;0,00;547.782,00;0,00
18101;5136;331;3.3.90.39.00;Outros Servi‡os de Terceiros - Pessoa Jur¡dica;0,00;158.323,00;0,00
18101;5136;331;4.4.90.39.00;Outros Servi‡os de Terceiros - Pessoa Jur¡dica;0,00;1.382.999,00;0,00
18101;5136;331;3.3.90.39.00;Outros Servi‡os de Terceiros - Pessoa Jur¡dica;0,00;785.450,00;0,00
18101;5136;328;3.3.90.39.00;Outros Servi‡os de Terceiros - Pessoa Jur¡dica;0,00;0,00;0,00
18101;5136;328;3.3.90.39.00;Outros Servi‡os de Terceiros - Pessoa Jur¡dica;0,00;0,00;0,00
18101;5136;328;3.3.90.39.00;Outros Servi‡os de Terceiros - Pessoa Jur¡dica;0,00;0,00;0,00
18101;5136;328;3.3.90.39.00;Outros Servi‡os de Terceiros - Pessoa Jur¡dica;0,00;0,00;0,00
18101;5136;328;3.3.90.39.00;Outros Servi‡os de Terceiros - Pessoa Jur¡dica;0,00;0,00;0,00
18101;5136;328;4.4.90.39.00;Outros Servi‡os de Terceiros - Pessoa Jur¡dica;0,00;0,00;0,00
18101;5136;328;3.3.90.39.00;Outros Servi‡os de Terceiros - Pessoa Jur¡dica;0,00;4.273,00;0,00
18101;5136;328;4.4.90.39.00;Outros Servi‡os de Terceiros - Pessoa Jur¡dica;0,00;18.937,00;0,00
18101;5136;328;3.3.90.39.00;Outros Servi‡os de Terceiros - Pessoa Jur¡dica;0,00;7.834,00;0,00
18101;5136;328;3.3.90.39.00;Outros Servi‡os de Terceiros - Pessoa Jur¡dica;0,00;2.315,00;0,00
18101;5136;328;3.3.90.39.00;Outros Servi‡os de Terceiros - Pessoa Jur¡dica;0,00;7.834,00;0,00
18101;5136;331;3.3.90.39.00;Outros Servi‡os de Terceiros - Pessoa Jur¡dica;0,00;0,00;0,00
18101;5136;331;3.3.90.39.00;Outros Servi‡os de Terceiros - Pessoa Jur¡dica;0,00;0,00;0,00
18101;5136;331;4.4.90.39.00;Outros Servi‡os de Terceiros - Pessoa Jur¡dica;0,00;0,00;512.427,80
18101;5136;331;4.4.90.39.00;Outros Servi‡os de Terceiros - Pessoa Jur¡dica;0,00;547.782,00;0,00
18101;5136;331;4.4.90.39.00;Outros Servi‡os de Terceiros - Pessoa Jur¡dica;0,00;561.325,00;0,00
18101;5136;331;4.4.90.39.00;Outros Servi‡os de Terceiros - Pessoa Jur¡dica;0,00;821.674,00;0,00
18101;5136;331;3.3.90.39.00;Outros Servi‡os de Terceiros - Pessoa Jur¡dica;0,00;231.754,00;0,00
18101;5136;328;3.3.90.39.00;Outros Servi‡os de Terceiros - Pessoa Jur¡dica;0,00;0,00;0,00
18101;5136;328;4.4.90.39.00;Outros Servi‡os de Terceiros - Pessoa Jur¡dica;0,00;0,00;0,00
18101;5136;328;4.4.90.39.00;Outros Servi‡os de Terceiros - Pessoa Jur¡dica;0,00;0,00;0,00
18101;5136;328;4.4.90.39.00;Outros Servi‡os de Terceiros - Pessoa Jur¡dica;0,00;0,00;0,00
18101;5136;328;3.3.90.39.00;Outros Servi‡os de Terceiros - Pessoa Jur¡dica;0,00;0,00;0,00
18101;5136;328;3.3.90.39.00;Outros Servi‡os de Terceiros - Pessoa Jur¡dica;0,00;0,00;0,00
18101;5136;328;4.4.90.39.00;Outros Servi‡os de Terceiros - Pessoa Jur¡dica;0,00;0,00;0,00
18101;5136;328;4.4.90.39.00;Outros Servi‡os de Terceiros - Pessoa Jur¡dica;0,00;0,00;0,00
18101;5136;328;4.4.90.39.00;Outros Servi‡os de Terceiros - Pessoa Jur¡dica;0,00;33.456,00;0,00
18101;5136;328;4.4.90.39.00;Outros Servi‡os de Terceiros - Pessoa Jur¡dica;0,00;15.150,00;0,00
18101;5136;328;4.4.90.39.00;Outros Servi‡os de Terceiros - Pessoa Jur¡dica;0,00;36.612,00;0,00
18101;5136;328;3.3.90.39.00;Outros Servi‡os de Terceiros - Pessoa Jur¡dica;0,00;10.326,00;0,00
18101;5136;328;3.3.90.39.00;Outros Servi‡os de Terceiros - Pessoa Jur¡dica;0,00;16.024,00;0,00
18101;5136;331;3.3.90.39.00;Outros Servi‡os de Terceiros - Pessoa Jur¡dica;0,00;0,00;0,00
18101;5136;331;3.3.90.39.00;Outros Servi‡os de Terceiros - Pessoa Jur¡dica;0,00;0,00;0,00
18101;5136;331;3.3.90.39.00;Outros Servi‡os de Terceiros - Pessoa Jur¡dica;0,00;0,00;0,00
18101;5136;331;3.3.90.39.00;Outros Servi‡os de Terceiros - Pessoa Jur¡dica;0,00;0,00;0,00
18101;5136;331;3.3.90.39.00;Outros Servi‡os de Terceiros - Pessoa Jur¡dica;0,00;0,00;0,00
18101;5136;331;4.4.90.39.00;Outros Servi‡os de Terceiros - Pessoa Jur¡dica;0,00;273.891,00;0,00
18101;5136;331;3.3.90.39.00;Outros Servi‡os de Terceiros - Pessoa Jur¡dica;0,00;602.732,00;0,00
18101;5136;331;4.4.90.39.00;Outros Servi‡os de Terceiros - Pessoa Jur¡dica;0,00;1.944.325,00;0,00
18101;5136;328;3.3.90.39.00;Outros Servi‡os de Terceiros - Pessoa Jur¡dica;0,00;0,00;0,00
18101;5136;328;3.3.90.39.00;Outros Servi‡os de Terceiros - Pessoa Jur¡dica;0,00;0,00;0,00
18101;5136;328;4.4.90.39.00;Outros Servi‡os de Terceiros - Pessoa Jur¡dica;0,00;0,00;0,00
18101;5136;328;3.3.90.39.00;Outros Servi‡os de Terceiros - Pessoa Jur¡dica;0,00;4.273,00;0,00
18101;5136;328;3.3.90.39.00;Outros Servi‡os de Terceiros - Pessoa Jur¡dica;0,00;1.068,00;0,00
18101;5136;328;4.4.90.39.00;Outros Servi‡os de Terceiros - Pessoa Jur¡dica;0,00;7.575,00;0,00
18101;5136;328;4.4.90.39.00;Outros Servi‡os de Terceiros - Pessoa Jur¡dica;0,00;27.774,00;0,00
18101;5136;331;4.4.90.39.00;Outros Servi‡os de Terceiros - Pessoa Jur¡dica;0,00;0,00;1.668.993,21
18101;5136;331;3.3.90.39.00;Outros Servi‡os de Terceiros - Pessoa Jur¡dica;0,00;0,00;0,00
18101;5136;331;4.4.90.39.00;Outros Servi‡os de Terceiros - Pessoa Jur¡dica;0,00;0,00;341.618,48
18101;5136;331;3.3.90.39.00;Outros Servi‡os de Terceiros - Pessoa Jur¡dica;0,00;0,00;0,00
18101;5136;331;4.4.90.39.00;Outros Servi‡os de Terceiros - Pessoa Jur¡dica;0,00;3.993.741,00;0,00
18101;5136;331;3.3.90.39.00;Outros Servi‡os de Terceiros - Pessoa Jur¡dica;0,00;154.503,00;0,00
18101;5136;331;4.4.90.39.00;Outros Servi‡os de Terceiros - Pessoa Jur¡dica;0,00;1.903.696,00;0,00
18101;5136;331;4.4.90.39.00;Outros Servi‡os de Terceiros - Pessoa Jur¡dica;0,00;2.136.958,00;0,00
18101;5136;331;4.4.90.39.00;Outros Servi‡os de Terceiros - Pessoa Jur¡dica;0,00;4.108.368,00;0,00
18101;5136;328;3.3.90.39.00;Outros Servi‡os de Terceiros - Pessoa Jur¡dica;0,00;0,00;0,00
18101;5136;328;4.4.90.39.00;Outros Servi‡os de Terceiros - Pessoa Jur¡dica;0,00;0,00;0,00
18101;5136;328;4.4.90.39.00;Outros Servi‡os de Terceiros - Pessoa Jur¡dica;0,00;0,00;0,00
18101;5136;328;4.4.90.39.00;Outros Servi‡os de Terceiros - Pessoa Jur¡dica;0,00;0,00;0,00
18101;5136;328;4.4.90.39.00;Outros Servi‡os de Terceiros - Pessoa Jur¡dica;0,00;0,00;0,00
18101;5136;328;4.4.90.39.00;Outros Servi‡os de Terceiros - Pessoa Jur¡dica;0,00;0,00;0,00
18101;5136;328;3.3.90.39.00;Outros Servi‡os de Terceiros - Pessoa Jur¡dica;0,00;0,00;0,00
18101;5136;328;4.4.90.39.00;Outros Servi‡os de Terceiros - Pessoa Jur¡dica;0,00;3.788,00;0,00
18101;5136;328;4.4.90.39.00;Outros Servi‡os de Terceiros - Pessoa Jur¡dica;0,00;7.575,00;0,00
18101;5136;328;4.4.90.39.00;Outros Servi‡os de Terceiros - Pessoa Jur¡dica;0,00;8.206,00;0,00
18101;5136;328;3.3.90.39.00;Outros Servi‡os de Terceiros - Pessoa Jur¡dica;0,00;5.519,00;0,00
18101;5136;328;3.3.90.39.00;Outros Servi‡os de Terceiros - Pessoa Jur¡dica;0,00;10.682,00;0,00
18101;5136;328;3.3.90.39.00;Outros Servi‡os de Terceiros - Pessoa Jur¡dica;0,00;3.205,00;0,00
18101;5136;331;3.3.90.39.00;Outros Servi‡os de Terceiros - Pessoa Jur¡dica;0,00;0,00;0,00
18101;5136;331;4.4.90.39.00;Outros Servi‡os de Terceiros - Pessoa Jur¡dica;0,00;0,00;512.427,81
18101;5136;331;4.4.90.39.00;Outros Servi‡os de Terceiros - Pessoa Jur¡dica;0,00;0,00;683.237,06
18101;5136;331;4.4.90.39.00;Outros Servi‡os de Terceiros - Pessoa Jur¡dica;0,00;0,00;170.809,26
18101;5136;331;3.3.90.39.00;Outros Servi‡os de Terceiros - Pessoa Jur¡dica;0,00;0,00;0,00
18101;5136;331;4.4.90.39.00;Outros Servi‡os de Terceiros - Pessoa Jur¡dica;0,00;0,00;341.618,52
18101;5136;331;3.3.90.39.00;Outros Servi‡os de Terceiros - Pessoa Jur¡dica;0,00;0,00;0,00
18101;5136;331;4.4.90.39.00;Outros Servi‡os de Terceiros - Pessoa Jur¡dica;0,00;0,00;2.563.302,26
18101;5136;331;3.3.90.39.00;Outros Servi‡os de Terceiros - Pessoa Jur¡dica;0,00;0,00;0,00
18101;5136;331;3.3.90.39.00;Outros Servi‡os de Terceiros - Pessoa Jur¡dica;0,00;0,00;0,00
18101;5136;331;3.3.90.39.00;Outros Servi‡os de Terceiros - Pessoa Jur¡dica;0,00;154.503,00;0,00
18101;5136;331;3.3.90.39.00;Outros Servi‡os de Terceiros - Pessoa Jur¡dica;0,00;719.597,00;0,00
18101;5136;331;3.3.90.39.00;Outros Servi‡os de Terceiros - Pessoa Jur¡dica;0,00;463.509,00;0,00
18101;5136;328;4.4.90.39.00;Outros Servi‡os de Terceiros - Pessoa Jur¡dica;0,00;0,00;0,00
18101;5136;328;4.4.90.39.00;Outros Servi‡os de Terceiros - Pessoa Jur¡dica;0,00;0,00;0,00
18101;5136;328;3.3.90.39.00;Outros Servi‡os de Terceiros - Pessoa Jur¡dica;0,00;0,00;0,00
18101;5136;328;3.3.90.39.00;Outros Servi‡os de Terceiros - Pessoa Jur¡dica;0,00;6.409,00;0,00
18101;5136;328;3.3.90.39.00;Outros Servi‡os de Terceiros - Pessoa Jur¡dica;0,00;2.136,00;0,00
18101;5136;328;3.3.90.39.00;Outros Servi‡os de Terceiros - Pessoa Jur¡dica;0,00;5.341,00;0,00
18101;5136;328;4.4.90.39.00;Outros Servi‡os de Terceiros - Pessoa Jur¡dica;0,00;7.575,00;0,00
18101;5136;328;4.4.90.39.00;Outros Servi‡os de Terceiros - Pessoa Jur¡dica;0,00;56.811,00;0,00
18101;5136;328;4.4.90.39.00;Outros Servi‡os de Terceiros - Pessoa Jur¡dica;0,00;37.874,00;0,00
18101;5136;331;4.4.90.39.00;Outros Servi‡os de Terceiros - Pessoa Jur¡dica;0,00;0,00;740.443,48
18101;5136;331;3.3.90.39.00;Outros Servi‡os de Terceiros - Pessoa Jur¡dica;0,00;0,00;0,00
18101;5136;331;3.3.90.39.00;Outros Servi‡os de Terceiros - Pessoa Jur¡dica;0,00;0,00;0,00
18101;5136;331;4.4.90.39.00;Outros Servi‡os de Terceiros - Pessoa Jur¡dica;0,00;0,00;2.483.051,53
18101;5136;331;3.3.90.39.00;Outros Servi‡os de Terceiros - Pessoa Jur¡dica;0,00;0,00;0,00
18101;5136;331;3.3.90.39.00;Outros Servi‡os de Terceiros - Pessoa Jur¡dica;0,00;0,00;0,00
18101;5136;331;4.4.90.39.00;Outros Servi‡os de Terceiros - Pessoa Jur¡dica;0,00;0,00;350.064,61
18101;5136;331;4.4.90.39.00;Outros Servi‡os de Terceiros - Pessoa Jur¡dica;0,00;0,00;1.212.556,75
18101;5136;331;3.3.90.39.00;Outros Servi‡os de Terceiros - Pessoa Jur¡dica;0,00;0,00;0,00
18101;5136;331;4.4.90.39.00;Outros Servi‡os de Terceiros - Pessoa Jur¡dica;0,00;0,00;1.736.695,83
18101;5136;331;3.3.90.39.00;Outros Servi‡os de Terceiros - Pessoa Jur¡dica;0,00;0,00;0,00
18101;5136;331;4.4.90.39.00;Outros Servi‡os de Terceiros - Pessoa Jur¡dica;0,00;2.676.217,00;0,00
18101;5136;331;3.3.90.39.00;Outros Servi‡os de Terceiros - Pessoa Jur¡dica;0,00;754.830,00;0,00
18101;5136;331;3.3.90.39.00;Outros Servi‡os de Terceiros - Pessoa Jur¡dica;0,00;536.939,00;0,00
18101;5136;331;3.3.90.39.00;Outros Servi‡os de Terceiros - Pessoa Jur¡dica;0,00;154.503,00;0,00
18101;5136;331;3.3.90.39.00;Outros Servi‡os de Terceiros - Pessoa Jur¡dica;0,00;548.399,00;0,00
18101;5136;328;4.4.90.39.00;Outros Servi‡os de Terceiros - Pessoa Jur¡dica;0,00;0,00;0,00
18101;5136;328;4.4.90.39.00;Outros Servi‡os de Terceiros - Pessoa Jur¡dica;0,00;0,00;0,00
18101;5136;328;3.3.90.39.00;Outros Servi‡os de Terceiros - Pessoa Jur¡dica;0,00;0,00;0,00
18101;5136;328;4.4.90.39.00;Outros Servi‡os de Terceiros - Pessoa Jur¡dica;0,00;0,00;0,00
18101;5136;328;4.4.90.39.00;Outros Servi‡os de Terceiros - Pessoa Jur¡dica;0,00;0,00;0,00
18101;5136;328;3.3.90.39.00;Outros Servi‡os de Terceiros - Pessoa Jur¡dica;0,00;0,00;0,00
18101;5136;328;4.4.90.39.00;Outros Servi‡os de Terceiros - Pessoa Jur¡dica;0,00;0,00;0,00
18101;5136;328;3.3.90.39.00;Outros Servi‡os de Terceiros - Pessoa Jur¡dica;0,00;0,00;0,00
18101;5136;328;4.4.90.39.00;Outros Servi‡os de Terceiros - Pessoa Jur¡dica;0,00;11.362,00;0,00
18101;5136;328;4.4.90.39.00;Outros Servi‡os de Terceiros - Pessoa Jur¡dica;0,00;7.575,00;0,00
18101;5136;328;3.3.90.39.00;Outros Servi‡os de Terceiros - Pessoa Jur¡dica;0,00;2.136,00;0,00
18101;5136;328;4.4.90.39.00;Outros Servi‡os de Terceiros - Pessoa Jur¡dica;0,00;54.035,00;0,00
18101;5136;328;4.4.90.39.00;Outros Servi‡os de Terceiros - Pessoa Jur¡dica;0,00;22.725,00;0,00
18101;5136;328;3.3.90.39.00;Outros Servi‡os de Terceiros - Pessoa Jur¡dica;0,00;7.300,00;0,00
18101;5136;328;4.4.90.39.00;Outros Servi‡os de Terceiros - Pessoa Jur¡dica;0,00;27.774,00;0,00
18101;5136;328;4.4.90.39.00;Outros Servi‡os de Terceiros - Pessoa Jur¡dica;0,00;11.362,00;0,00
18101;5136;331;4.4.90.39.00;Outros Servi‡os de Terceiros - Pessoa Jur¡dica;0,00;0,00;1.024.857,40
18101;5136;331;4.4.90.39.00;Outros Servi‡os de Terceiros - Pessoa Jur¡dica;0,00;0,00;1.332.690,30
18101;5136;331;4.4.90.39.00;Outros Servi‡os de Terceiros - Pessoa Jur¡dica;0,00;1.187.295,00;0,00
18101;5136;331;4.4.90.39.00;Outros Servi‡os de Terceiros - Pessoa Jur¡dica;0,00;547.782,00;0,00
18101;5136;331;3.3.90.39.00;Outros Servi‡os de Terceiros - Pessoa Jur¡dica;0,00;390.077,00;0,00
18101;5136;331;4.4.90.39.00;Outros Servi‡os de Terceiros - Pessoa Jur¡dica;0,00;2.784.777,00;0,00
18101;5136;328;3.3.90.39.00;Outros Servi‡os de Terceiros - Pessoa Jur¡dica;0,00;0,00;0,00
18101;5136;328;3.3.90.39.00;Outros Servi‡os de Terceiros - Pessoa Jur¡dica;0,00;9.436,00;0,00
18101;5136;328;3.3.90.39.00;Outros Servi‡os de Terceiros - Pessoa Jur¡dica;0,00;3.205,00;0,00
18101;5136;328;3.3.90.39.00;Outros Servi‡os de Terceiros - Pessoa Jur¡dica;0,00;15.240,00;0,00
18101;5136;328;4.4.90.39.00;Outros Servi‡os de Terceiros - Pessoa Jur¡dica;0,00;25.881,00;0,00
18101;5136;328;3.3.90.39.00;Outros Servi‡os de Terceiros - Pessoa Jur¡dica;0,00;2.136,00;0,00
18101;5136;331;4.4.90.39.00;Outros Servi‡os de Terceiros - Pessoa Jur¡dica;0,00;0,00;1.591.091,19
18101;5136;331;4.4.90.39.00;Outros Servi‡os de Terceiros - Pessoa Jur¡dica;0,00;0,00;1.187.218,88
18101;5136;331;4.4.90.39.00;Outros Servi‡os de Terceiros - Pessoa Jur¡dica;0,00;0,00;341.618,54
18101;5136;331;4.4.90.39.00;Outros Servi‡os de Terceiros - Pessoa Jur¡dica;0,00;1.095.565,00;0,00
18101;5136;331;3.3.90.39.00;Outros Servi‡os de Terceiros - Pessoa Jur¡dica;0,00;309.005,00;0,00
18101;5136;331;3.3.90.39.00;Outros Servi‡os de Terceiros - Pessoa Jur¡dica;0,00;154.503,00;0,00
18101;5136;331;3.3.90.39.00;Outros Servi‡os de Terceiros - Pessoa Jur¡dica;0,00;1.126.440,00;0,00
18101;5136;331;4.4.90.39.00;Outros Servi‡os de Terceiros - Pessoa Jur¡dica;0,00;1.369.456,00;0,00
18101;3913;128;4.4.50.42.00;Aux¡lios;0,00;0,00;0,00
18101;3913;128;4.4.50.42.00;Aux¡lios;0,00;0,00;0,00
18101;3913;128;4.4.50.42.00;Aux¡lios;0,00;0,00;0,00
18101;3913;128;4.4.50.42.00;Aux¡lios;360.000,00;360.000,00;0,00
18101;3913;128;4.4.50.42.00;Aux¡lios;790.000,00;790.000,00;0,00
18101;3913;128;4.4.50.42.00;Aux¡lios;0,00;0,00;0,00
18101;3913;128;4.4.50.42.00;Aux¡lios;1.000.000,00;1.000.000,00;0,00
18101;3913;128;4.4.50.42.00;Aux¡lios;0,00;0,00;0,00
18101;3913;128;4.4.50.42.00;Aux¡lios;360.000,00;360.000,00;0,00
18101;3913;128;4.4.50.42.00;Aux¡lios;1.500.000,00;1.500.000,00;0,00
18101;3913;128;4.4.50.42.00;Aux¡lios;300.000,00;300.000,00;0,00
18101;3913;128;4.4.50.42.00;Aux¡lios;790.000,00;790.000,00;0,00
18101;3913;128;4.4.50.42.00;Aux¡lios;0,00;0,00;0,00
18101;3913;128;4.4.50.42.00;Aux¡lios;0,00;0,00;0,00
18101;4054;100;3.3.90.33.00;Passagens e Despesas com Locomo‡Æo;15.000,00;15.000,00;0,00
18101;4054;100;3.3.90.14.00;Di rias Civil;0,00;0,00;348,80
18101;4054;100;3.3.90.33.00;Passagens e Despesas com Locomo‡Æo;0,00;0,00;0,00
18101;4054;100;3.3.90.14.00;Di rias Civil;135.000,00;135.000,00;0,00
18101;4055;128;3.3.90.39.00;Outros Servi‡os de Terceiros - Pessoa Jur¡dica;1.128.000,00;0,00;0,00
18101;4055;128;3.3.90.39.00;Outros Servi‡os de Terceiros - Pessoa Jur¡dica;0,00;0,00;0,00
18101;4055;128;3.3.90.39.00;Outros Servi‡os de Terceiros - Pessoa Jur¡dica;0,00;0,00;0,00
18101;4055;128;3.3.90.39.00;Outros Servi‡os de Terceiros - Pessoa Jur¡dica;0,00;0,00;0,00
18101;4055;128;3.3.90.39.00;Outros Servi‡os de Terceiros - Pessoa Jur¡dica;0,00;0,00;0,00
18101;4055;128;3.3.90.39.00;Outros Servi‡os de Terceiros - Pessoa Jur¡dica;0,00;0,00;0,00
18101;4055;128;3.3.90.39.00;Outros Servi‡os de Terceiros - Pessoa Jur¡dica;368.000,00;0,00;0,00
18101;4055;128;3.3.90.39.00;Outros Servi‡os de Terceiros - Pessoa Jur¡dica;788.000,00;0,00;0,00
18101;4055;128;3.3.90.39.00;Outros Servi‡os de Terceiros - Pessoa Jur¡dica;1.063.000,00;0,00;0,00
18101;4055;128;3.3.90.39.00;Outros Servi‡os de Terceiros - Pessoa Jur¡dica;0,00;0,00;0,00
18101;4055;128;3.3.90.39.00;Outros Servi‡os de Terceiros - Pessoa Jur¡dica;0,00;0,00;0,00
18101;4055;128;3.3.90.39.00;Outros Servi‡os de Terceiros - Pessoa Jur¡dica;0,00;0,00;0,00
18101;4055;128;3.3.90.39.00;Outros Servi‡os de Terceiros - Pessoa Jur¡dica;0,00;0,00;0,00
18101;4055;128;3.3.90.39.00;Outros Servi‡os de Terceiros - Pessoa Jur¡dica;0,00;0,00;0,00
18101;4055;128;3.3.90.39.00;Outros Servi‡os de Terceiros - Pessoa Jur¡dica;0,00;0,00;0,00
18101;4055;128;3.3.90.39.00;Outros Servi‡os de Terceiros - Pessoa Jur¡dica;0,00;0,00;0,00
18101;4055;128;3.3.90.39.00;Outros Servi‡os de Terceiros - Pessoa Jur¡dica;580.000,00;0,00;0,00
18101;4055;128;3.3.90.39.00;Outros Servi‡os de Terceiros - Pessoa Jur¡dica;0,00;0,00;0,00
18101;4055;128;3.3.90.39.00;Outros Servi‡os de Terceiros - Pessoa Jur¡dica;0,00;0,00;0,00
18101;4055;128;3.3.90.39.00;Outros Servi‡os de Terceiros - Pessoa Jur¡dica;0,00;0,00;0,00
18101;4055;128;3.3.90.39.00;Outros Servi‡os de Terceiros - Pessoa Jur¡dica;660.000,00;0,00;0,00
18101;4055;128;3.3.90.39.00;Outros Servi‡os de Terceiros - Pessoa Jur¡dica;641.000,00;0,00;0,00
18101;4055;128;3.3.90.39.00;Outros Servi‡os de Terceiros - Pessoa Jur¡dica;0,00;0,00;0,00
18101;4055;128;3.3.90.39.00;Outros Servi‡os de Terceiros - Pessoa Jur¡dica;0,00;0,00;0,00
18101;4055;128;3.3.90.39.00;Outros Servi‡os de Terceiros - Pessoa Jur¡dica;0,00;0,00;0,00
18101;4055;128;3.3.90.39.00;Outros Servi‡os de Terceiros - Pessoa Jur¡dica;0,00;0,00;0,00
18101;4055;128;3.3.90.39.00;Outros Servi‡os de Terceiros - Pessoa Jur¡dica;0,00;0,00;0,00
18101;4055;128;3.3.90.39.00;Outros Servi‡os de Terceiros - Pessoa Jur¡dica;0,00;0,00;0,00
18101;4055;128;3.3.90.39.00;Outros Servi‡os de Terceiros - Pessoa Jur¡dica;137.000,00;0,00;0,00
18101;4055;128;3.3.90.39.00;Outros Servi‡os de Terceiros - Pessoa Jur¡dica;1.539.000,00;0,00;0,00
18101;4055;128;3.3.90.39.00;Outros Servi‡os de Terceiros - Pessoa Jur¡dica;207.000,00;0,00;0,00
18101;4055;128;3.3.90.39.00;Outros Servi‡os de Terceiros - Pessoa Jur¡dica;0,00;0,00;0,00
18101;4055;128;3.3.90.39.00;Outros Servi‡os de Terceiros - Pessoa Jur¡dica;0,00;0,00;0,00
18101;4055;128;3.3.90.39.00;Outros Servi‡os de Terceiros - Pessoa Jur¡dica;888.000,00;0,00;0,00
18101;4055;128;3.3.90.39.00;Outros Servi‡os de Terceiros - Pessoa Jur¡dica;996.000,00;0,00;0,00
18101;4055;128;3.3.90.39.00;Outros Servi‡os de Terceiros - Pessoa Jur¡dica;660.000,00;0,00;0,00
18101;4055;128;3.3.90.39.00;Outros Servi‡os de Terceiros - Pessoa Jur¡dica;400.000,00;0,00;0,00
18101;4055;128;3.3.90.39.00;Outros Servi‡os de Terceiros - Pessoa Jur¡dica;1.204.000,00;0,00;0,00
18101;4055;128;3.3.90.39.00;Outros Servi‡os de Terceiros - Pessoa Jur¡dica;876.000,00;0,00;0,00
18101;4055;128;3.3.90.39.00;Outros Servi‡os de Terceiros - Pessoa Jur¡dica;1.660.000,00;0,00;0,00
18101;4055;128;3.3.90.39.00;Outros Servi‡os de Terceiros - Pessoa Jur¡dica;554.000,00;0,00;0,00
18101;4055;128;3.3.90.39.00;Outros Servi‡os de Terceiros - Pessoa Jur¡dica;287.000,00;0,00;0,00
18101;4055;128;3.3.90.39.00;Outros Servi‡os de Terceiros - Pessoa Jur¡dica;382.000,00;0,00;0,00
18101;4055;128;3.3.90.39.00;Outros Servi‡os de Terceiros - Pessoa Jur¡dica;383.000,00;0,00;0,00
18101;4055;128;3.3.90.39.00;Outros Servi‡os de Terceiros - Pessoa Jur¡dica;863.000,00;0,00;0,00
18101;4055;128;3.3.90.39.00;Outros Servi‡os de Terceiros - Pessoa Jur¡dica;0,00;0,00;0,00
18101;4055;128;3.3.90.39.00;Outros Servi‡os de Terceiros - Pessoa Jur¡dica;0,00;0,00;0,00
18101;4055;128;3.3.90.39.00;Outros Servi‡os de Terceiros - Pessoa Jur¡dica;0,00;0,00;0,00
18101;4055;128;3.3.90.39.00;Outros Servi‡os de Terceiros - Pessoa Jur¡dica;230.000,00;0,00;0,00
18101;4055;128;3.3.90.39.00;Outros Servi‡os de Terceiros - Pessoa Jur¡dica;621.000,00;0,00;0,00
18101;4055;128;3.3.90.39.00;Outros Servi‡os de Terceiros - Pessoa Jur¡dica;255.000,00;0,00;0,00
18101;4055;128;3.3.90.39.00;Outros Servi‡os de Terceiros - Pessoa Jur¡dica;1.030.000,00;0,00;0,00
18101;5255;128;4.4.50.41.00;Contribui‡äes;225.000,00;225.000,00;0,00
18101;5255;128;4.4.50.41.00;Contribui‡äes;28.000,00;28.000,00;0,00
18101;5255;128;4.4.90.51.00;Obras e Instala‡äes;225.000,00;225.000,00;0,00
18101;5255;128;4.4.50.41.00;Contribui‡äes;0,00;0,00;0,00
18101;5255;128;4.4.90.51.00;Obras e Instala‡äes;0,00;0,00;0,00
18101;5255;128;4.4.90.51.00;Obras e Instala‡äes;0,00;0,00;0,00
18101;5255;128;4.4.50.41.00;Contribui‡äes;0,00;0,00;0,00
18101;5255;128;4.4.50.41.00;Contribui‡äes;32.000,00;32.000,00;0,00
18101;5255;128;4.4.50.41.00;Contribui‡äes;225.000,00;225.000,00;0,00
18101;5255;128;4.4.90.51.00;Obras e Instala‡äes;0,00;0,00;0,00
18101;5255;128;4.4.90.51.00;Obras e Instala‡äes;0,00;0,00;0,00
18101;5255;128;4.4.50.41.00;Contribui‡äes;0,00;0,00;0,00
18101;5255;128;4.4.90.51.00;Obras e Instala‡äes;0,00;0,00;0,00
18101;5255;128;4.4.50.41.00;Contribui‡äes;0,00;0,00;0,00
18101;5255;128;4.4.50.41.00;Contribui‡äes;0,00;0,00;0,00
18101;5255;128;4.4.50.41.00;Contribui‡äes;0,00;0,00;0,00
18101;5255;128;4.4.90.51.00;Obras e Instala‡äes;33.000,00;33.000,00;0,00
18101;5255;128;4.4.90.51.00;Obras e Instala‡äes;32.000,00;32.000,00;0,00
18101;5255;128;4.4.50.41.00;Contribui‡äes;225.000,00;225.000,00;0,00
18101;5255;128;4.4.90.51.00;Obras e Instala‡äes;225.000,00;225.000,00;0,00
18101;5255;128;4.4.50.41.00;Contribui‡äes;0,00;0,00;0,00
18101;5255;128;4.4.90.51.00;Obras e Instala‡äes;0,00;0,00;0,00
18101;5255;128;4.4.90.51.00;Obras e Instala‡äes;0,00;0,00;0,00
18101;5255;128;4.4.50.41.00;Contribui‡äes;225.000,00;225.000,00;0,00
18101;5255;128;4.4.50.41.00;Contribui‡äes;225.000,00;225.000,00;0,00
18101;5255;128;4.4.90.51.00;Obras e Instala‡äes;225.000,00;225.000,00;0,00
18101;5255;128;4.4.50.41.00;Contribui‡äes;0,00;0,00;0,00
18101;5255;128;4.4.90.51.00;Obras e Instala‡äes;33.000,00;33.000,00;0,00
18101;5255;128;4.4.90.51.00;Obras e Instala‡äes;225.000,00;225.000,00;0,00
18101;5255;128;4.4.50.41.00;Contribui‡äes;225.000,00;225.000,00;0,00
18101;5255;128;4.4.90.51.00;Obras e Instala‡äes;0,00;0,00;0,00
18101;5255;128;4.4.90.51.00;Obras e Instala‡äes;0,00;0,00;0,00
18101;5255;128;4.4.50.41.00;Contribui‡äes;35.000,00;35.000,00;0,00
18101;5255;128;4.4.50.41.00;Contribui‡äes;0,00;0,00;0,00
18101;5255;128;4.4.90.51.00;Obras e Instala‡äes;32.000,00;32.000,00;0,00
18101;5255;128;4.4.90.51.00;Obras e Instala‡äes;225.000,00;225.000,00;0,00
18101;5531;128;3.3.90.32.00;Material, Bem ou Servi‡o para Distribui‡Æo Gratuita;0,00;0,00;0,00
18101;5531;128;3.3.90.32.00;Material, Bem ou Servi‡o para Distribui‡Æo Gratuita;0,00;0,00;0,00
18101;5535;324;3.3.90.14.00;Di rias Civil;0,00;0,00;0,00
18101;5535;324;3.3.90.33.00;Passagens e Despesas com Locomo‡Æo;0,00;0,00;0,00
18101;5535;324;3.3.90.14.00;Di rias Civil;0,00;40.000,00;0,00
18101;5535;324;3.3.90.39.00;Outros Servi‡os de Terceiros - Pessoa Jur¡dica;0,00;0,00;0,00
18101;5535;324;3.3.90.39.00;Outros Servi‡os de Terceiros - Pessoa Jur¡dica;0,00;215.000,00;0,00
18101;5535;324;3.3.90.33.00;Passagens e Despesas com Locomo‡Æo;0,00;45.000,00;0,00
18101;5844;128;3.3.50.41.00;Contribui‡äes;123.000,00;123.000,00;0,00
18101;5844;128;4.4.90.52.00;Equipamento e Material Permanente;0,00;0,00;0,00
18101;5844;131;4.4.90.52.00;Equipamento e Material Permanente;0,00;0,00;0,00
18101;5844;128;3.3.50.41.00;Contribui‡äes;0,00;0,00;0,00
18101;5844;128;3.3.50.41.00;Contribui‡äes;0,00;0,00;0,00
18101;5844;131;4.4.90.52.00;Equipamento e Material Permanente;0,00;0,00;0,00
18101;5844;128;3.3.50.41.00;Contribui‡äes;0,00;0,00;0,00
18101;5844;128;4.4.90.52.00;Equipamento e Material Permanente;0,00;0,00;0,00
18101;5844;128;3.3.50.41.00;Contribui‡äes;124.000,00;124.000,00;0,00
18101;5844;131;4.4.90.52.00;Equipamento e Material Permanente;200.000,00;200.000,00;0,00
18101;5844;131;4.4.90.52.00;Equipamento e Material Permanente;200.000,00;200.000,00;0,00
18101;5844;131;4.4.90.52.00;Equipamento e Material Permanente;200.000,00;200.000,00;0,00
18101;5844;128;3.3.50.41.00;Contribui‡äes;124.000,00;124.000,00;0,00
18101;5844;128;4.4.90.52.00;Equipamento e Material Permanente;123.000,00;123.000,00;0,00
18101;5844;131;4.4.90.52.00;Equipamento e Material Permanente;200.000,00;200.000,00;0,00
18101;5844;128;4.4.90.52.00;Equipamento e Material Permanente;123.000,00;123.000,00;0,00
18101;5844;128;3.3.50.41.00;Contribui‡äes;123.000,00;123.000,00;0,00
18101;5844;128;3.3.50.41.00;Contribui‡äes;0,00;0,00;0,00
18101;5844;128;3.3.50.41.00;Contribui‡äes;0,00;0,00;0,00
18101;5844;128;4.4.90.52.00;Equipamento e Material Permanente;124.000,00;124.000,00;0,00
18101;5844;131;4.4.90.52.00;Equipamento e Material Permanente;200.000,00;200.000,00;0,00
18101;5844;131;3.3.90.39.00;Outros Servi‡os de Terceiros - Pessoa Jur¡dica;196.000,00;196.000,00;0,00
18101;5844;128;3.3.50.41.00;Contribui‡äes;0,00;0,00;0,00
18101;5844;131;4.4.90.52.00;Equipamento e Material Permanente;1.767.000,00;1.767.000,00;0,00
18101;5844;128;3.3.50.41.00;Contribui‡äes;123.000,00;123.000,00;0,00
18101;5844;128;4.4.90.52.00;Equipamento e Material Permanente;123.000,00;123.000,00;0,00
18101;5844;128;4.4.90.52.00;Equipamento e Material Permanente;0,00;0,00;0,00
18101;5844;131;4.4.90.52.00;Equipamento e Material Permanente;0,00;0,00;0,00
18101;5844;131;4.4.90.52.00;Equipamento e Material Permanente;0,00;0,00;0,00
18101;5844;128;3.3.50.41.00;Contribui‡äes;0,00;0,00;0,00
18101;5844;128;4.4.90.52.00;Equipamento e Material Permanente;0,00;0,00;0,00
18101;5844;128;3.3.50.41.00;Contribui‡äes;124.000,00;124.000,00;0,00
18101;5844;131;4.4.90.52.00;Equipamento e Material Permanente;200.000,00;200.000,00;0,00
18101;5844;128;4.4.90.52.00;Equipamento e Material Permanente;121.000,00;121.000,00;0,00
18101;5844;128;4.4.90.52.00;Equipamento e Material Permanente;0,00;0,00;0,00
18101;5844;131;4.4.90.52.00;Equipamento e Material Permanente;0,00;0,00;0,00
18101;5844;128;3.3.50.41.00;Contribui‡äes;0,00;0,00;0,00
18101;5844;128;4.4.90.52.00;Equipamento e Material Permanente;122.000,00;122.000,00;0,00
18101;5844;128;3.3.50.41.00;Contribui‡äes;124.000,00;124.000,00;0,00
18101;5844;131;4.4.90.52.00;Equipamento e Material Permanente;200.000,00;200.000,00;0,00
18101;5844;128;4.4.90.52.00;Equipamento e Material Permanente;124.000,00;124.000,00;0,00
18101;5844;128;4.4.90.52.00;Equipamento e Material Permanente;124.000,00;124.000,00;0,00
18101;5844;128;4.4.90.52.00;Equipamento e Material Permanente;0,00;0,00;0,00
18101;5844;128;3.3.50.41.00;Contribui‡äes;0,00;0,00;0,00
18101;5844;131;3.3.90.39.00;Outros Servi‡os de Terceiros - Pessoa Jur¡dica;0,00;0,00;0,00
18101;5844;128;4.4.90.52.00;Equipamento e Material Permanente;0,00;0,00;0,00
18101;5844;131;4.4.90.52.00;Equipamento e Material Permanente;0,00;0,00;0,00
18101;5844;128;4.4.90.52.00;Equipamento e Material Permanente;0,00;0,00;0,00
18101;5844;131;4.4.90.52.00;Equipamento e Material Permanente;0,00;0,00;0,00
18101;5844;128;3.3.50.41.00;Contribui‡äes;124.000,00;124.000,00;0,00
18101;5844;128;3.3.50.41.00;Contribui‡äes;124.000,00;124.000,00;0,00
18101;5844;128;4.4.90.52.00;Equipamento e Material Permanente;123.000,00;123.000,00;0,00
18101;5844;131;4.4.90.52.00;Equipamento e Material Permanente;873.000,00;873.000,00;0,00
18101;5844;131;4.4.90.52.00;Equipamento e Material Permanente;0,00;0,00;0,00
18101;5844;128;3.3.50.41.00;Contribui‡äes;0,00;0,00;0,00
18101;5844;128;4.4.90.52.00;Equipamento e Material Permanente;0,00;0,00;0,00
18101;5844;128;4.4.90.52.00;Equipamento e Material Permanente;0,00;0,00;0,00
18101;5844;128;4.4.90.52.00;Equipamento e Material Permanente;0,00;0,00;0,00
18101;5844;131;4.4.90.52.00;Equipamento e Material Permanente;0,00;0,00;0,00
18101;5844;128;3.3.50.41.00;Contribui‡äes;0,00;0,00;0,00
18101;5844;131;4.4.90.52.00;Equipamento e Material Permanente;0,00;0,00;0,00
18101;5844;128;4.4.90.52.00;Equipamento e Material Permanente;124.000,00;124.000,00;0,00
18101;5844;128;3.3.50.41.00;Contribui‡äes;123.000,00;123.000,00;0,00
18101;5844;131;4.4.90.52.00;Equipamento e Material Permanente;200.000,00;200.000,00;0,00
18101;5844;131;4.4.90.52.00;Equipamento e Material Permanente;0,00;0,00;0,00
18101;5844;128;4.4.90.52.00;Equipamento e Material Permanente;0,00;0,00;0,00
18101;5844;128;3.3.50.41.00;Contribui‡äes;0,00;0,00;0,00
18101;5844;128;4.4.90.52.00;Equipamento e Material Permanente;124.000,00;124.000,00;0,00
18101;5844;128;3.3.50.41.00;Contribui‡äes;123.000,00;123.000,00;0,00
18101;5844;128;4.4.90.52.00;Equipamento e Material Permanente;123.000,00;123.000,00;0,00
18101;5844;131;4.4.90.52.00;Equipamento e Material Permanente;278.000,00;278.000,00;0,00
18101;5844;128;3.3.50.41.00;Contribui‡äes;123.000,00;123.000,00;0,00
18101;5845;128;3.3.90.32.00;Material, Bem ou Servi‡o para Distribui‡Æo Gratuita;0,00;208.335,00;0,00
18101;5845;128;3.3.90.32.00;Material, Bem ou Servi‡o para Distribui‡Æo Gratuita;0,00;0,00;0,00
18101;5845;128;3.3.90.32.00;Material, Bem ou Servi‡o para Distribui‡Æo Gratuita;0,00;0,00;0,00
18101;5845;128;3.3.50.43.00;Subven‡äes Sociais;0,00;0,00;640.000,00
18101;5845;128;3.3.90.32.00;Material, Bem ou Servi‡o para Distribui‡Æo Gratuita;0,00;254.239,00;0,00
18101;5845;128;3.3.90.32.00;Material, Bem ou Servi‡o para Distribui‡Æo Gratuita;0,00;113.259,00;0,00
18101;5845;128;4.4.50.42.00;Aux¡lios;0,00;600.000,00;0,00
18101;5845;128;3.3.90.32.00;Material, Bem ou Servi‡o para Distribui‡Æo Gratuita;0,00;254.239,00;0,00
18101;5845;128;3.3.90.32.00;Material, Bem ou Servi‡o para Distribui‡Æo Gratuita;0,00;0,00;0,00
18101;5845;128;3.3.90.32.00;Material, Bem ou Servi‡o para Distribui‡Æo Gratuita;0,00;0,00;0,00
18101;5845;128;4.4.50.42.00;Aux¡lios;0,00;0,00;600.000,00
18101;5845;128;3.3.90.32.00;Material, Bem ou Servi‡o para Distribui‡Æo Gratuita;0,00;0,00;0,00
18101;5845;128;3.3.90.32.00;Material, Bem ou Servi‡o para Distribui‡Æo Gratuita;0,00;0,00;0,00
18101;5845;128;3.3.90.32.00;Material, Bem ou Servi‡o para Distribui‡Æo Gratuita;0,00;142.757,00;0,00
18101;5845;128;3.3.90.32.00;Material, Bem ou Servi‡o para Distribui‡Æo Gratuita;0,00;208.335,00;0,00
18101;5845;128;3.3.90.32.00;Material, Bem ou Servi‡o para Distribui‡Æo Gratuita;0,00;0,00;0,00
18101;5845;128;3.3.90.32.00;Material, Bem ou Servi‡o para Distribui‡Æo Gratuita;0,00;0,00;0,00
18101;5845;128;3.3.90.32.00;Material, Bem ou Servi‡o para Distribui‡Æo Gratuita;0,00;0,00;0,00
18101;5845;128;3.3.90.32.00;Material, Bem ou Servi‡o para Distribui‡Æo Gratuita;0,00;0,00;0,00
18101;5845;128;3.3.90.32.00;Material, Bem ou Servi‡o para Distribui‡Æo Gratuita;0,00;201.777,00;0,00
18101;5845;128;3.3.90.32.00;Material, Bem ou Servi‡o para Distribui‡Æo Gratuita;0,00;247.682,00;0,00
18101;5845;128;3.3.90.32.00;Material, Bem ou Servi‡o para Distribui‡Æo Gratuita;0,00;147.682,00;0,00
18101;5845;128;3.3.90.32.00;Material, Bem ou Servi‡o para Distribui‡Æo Gratuita;0,00;208.335,00;0,00
18101;5845;128;3.3.90.32.00;Material, Bem ou Servi‡o para Distribui‡Æo Gratuita;0,00;67.355,00;0,00
18101;5845;128;3.3.90.32.00;Material, Bem ou Servi‡o para Distribui‡Æo Gratuita;0,00;113.259,00;0,00
18101;5845;128;3.3.90.32.00;Material, Bem ou Servi‡o para Distribui‡Æo Gratuita;0,00;313.259,00;0,00
18101;5845;128;3.3.90.32.00;Material, Bem ou Servi‡o para Distribui‡Æo Gratuita;0,00;67.355,00;0,00
18101;5845;128;3.3.50.43.00;Subven‡äes Sociais;0,00;1.065.200,00;0,00
18101;5845;128;3.3.90.32.00;Material, Bem ou Servi‡o para Distribui‡Æo Gratuita;0,00;0,00;0,00
18101;5845;128;3.3.90.32.00;Material, Bem ou Servi‡o para Distribui‡Æo Gratuita;0,00;0,00;0,00
18101;5845;128;3.3.50.43.00;Subven‡äes Sociais;0,00;0,00;0,00
18101;5845;128;3.3.90.32.00;Material, Bem ou Servi‡o para Distribui‡Æo Gratuita;0,00;267.355,00;0,00
18101;5845;128;3.3.90.32.00;Material, Bem ou Servi‡o para Distribui‡Æo Gratuita;0,00;167.355,00;0,00
18101;5845;128;3.3.90.32.00;Material, Bem ou Servi‡o para Distribui‡Æo Gratuita;0,00;97.239,00;0,00
18101;5845;128;3.3.90.32.00;Material, Bem ou Servi‡o para Distribui‡Æo Gratuita;0,00;254.239,00;0,00
18101;5845;128;3.3.90.32.00;Material, Bem ou Servi‡o para Distribui‡Æo Gratuita;0,00;0,00;0,00
18101;5845;128;3.3.90.32.00;Material, Bem ou Servi‡o para Distribui‡Æo Gratuita;0,00;0,00;0,00
18101;5845;128;3.3.90.32.00;Material, Bem ou Servi‡o para Distribui‡Æo Gratuita;0,00;0,00;0,00
18101;5845;128;3.3.90.32.00;Material, Bem ou Servi‡o para Distribui‡Æo Gratuita;0,00;208.335,00;0,00
18101;5845;128;3.3.90.32.00;Material, Bem ou Servi‡o para Distribui‡Æo Gratuita;0,00;0,00;0,00
18101;5845;128;3.3.90.32.00;Material, Bem ou Servi‡o para Distribui‡Æo Gratuita;0,00;0,00;0,00
18101;5845;128;3.3.90.32.00;Material, Bem ou Servi‡o para Distribui‡Æo Gratuita;0,00;0,00;0,00
18101;5845;128;3.3.90.32.00;Material, Bem ou Servi‡o para Distribui‡Æo Gratuita;0,00;0,00;0,00
18101;5845;128;3.3.90.32.00;Material, Bem ou Servi‡o para Distribui‡Æo Gratuita;0,00;0,00;0,00
18101;5845;128;3.3.90.32.00;Material, Bem ou Servi‡o para Distribui‡Æo Gratuita;0,00;67.355,00;0,00
18101;5845;128;3.3.90.32.00;Material, Bem ou Servi‡o para Distribui‡Æo Gratuita;0,00;73.913,00;0,00
18101;5845;128;3.3.90.32.00;Material, Bem ou Servi‡o para Distribui‡Æo Gratuita;0,00;0,00;0,00
18101;5845;128;3.3.90.32.00;Material, Bem ou Servi‡o para Distribui‡Æo Gratuita;0,00;0,00;0,00
18101;5845;128;3.3.90.32.00;Material, Bem ou Servi‡o para Distribui‡Æo Gratuita;0,00;0,00;0,00
18101;5845;128;3.3.90.32.00;Material, Bem ou Servi‡o para Distribui‡Æo Gratuita;0,00;0,00;0,00
18101;5845;128;4.4.50.42.00;Aux¡lios;0,00;0,00;0,00
18101;5845;128;3.3.90.32.00;Material, Bem ou Servi‡o para Distribui‡Æo Gratuita;0,00;167.355,00;0,00
18101;5845;128;3.3.90.32.00;Material, Bem ou Servi‡o para Distribui‡Æo Gratuita;0,00;201.777,00;0,00
18101;5845;128;3.3.90.32.00;Material, Bem ou Servi‡o para Distribui‡Æo Gratuita;0,00;162.435,00;0,00
18101;5845;128;3.3.90.32.00;Material, Bem ou Servi‡o para Distribui‡Æo Gratuita;0,00;208.335,00;0,00
18101;5845;128;3.3.90.32.00;Material, Bem ou Servi‡o para Distribui‡Æo Gratuita;0,00;0,00;0,00
18101;5845;128;3.3.90.32.00;Material, Bem ou Servi‡o para Distribui‡Æo Gratuita;0,00;0,00;0,00
18101;5845;128;3.3.90.32.00;Material, Bem ou Servi‡o para Distribui‡Æo Gratuita;0,00;254.239,00;0,00
18101;6969;128;4.5.20.42.00;Aux¡lios;1.300.000,00;1.870.231,00;0,00
18101;6969;128;4.5.20.42.00;Aux¡lios;0,00;0,00;948.944,51
18101;6969;128;4.5.20.42.00;Aux¡lios;583.000,00;583.000,00;0,00
18101;6969;128;4.5.20.42.00;Aux¡lios;674.000,00;674.000,00;0,00
18101;6969;128;4.5.20.42.00;Aux¡lios;2.083.000,00;583.000,00;0,00
18101;6969;128;4.5.20.42.00;Aux¡lios;0,00;0,00;245.562,08
18101;6969;128;4.5.20.42.00;Aux¡lios;0,00;0,00;1.282.799,50
18101;6969;128;4.5.20.42.00;Aux¡lios;0,00;0,00;493.661,52
18101;6969;128;4.5.20.42.00;Aux¡lios;933.000,00;1.282.800,00;0,00
18101;6969;128;4.5.20.42.00;Aux¡lios;1.241.000,00;1.134.000,00;0,00
18101;6969;128;4.5.20.42.00;Aux¡lios;758.000,00;1.515.000,00;0,00
18101;6969;128;4.5.20.42.00;Aux¡lios;1.221.000,00;1.521.000,00;0,00
18101;6969;128;4.5.20.42.00;Aux¡lios;0,00;0,00;480.586,36
18101;6969;128;4.5.20.42.00;Aux¡lios;1.500.000,00;715.000,00;0,00
18101;6969;128;4.5.20.42.00;Aux¡lios;1.500.000,00;1.410.000,00;0,00
18101;6969;128;4.5.20.42.00;Aux¡lios;0,00;0,00;1.058.138,34
18101;6969;128;4.5.20.42.00;Aux¡lios;0,00;0,00;435.546,94
18101;6969;128;4.5.20.42.00;Aux¡lios;0,00;0,00;1.870.230,65
18101;6969;128;4.5.20.42.00;Aux¡lios;0,00;0,00;2.033.666,70
18101;6969;128;4.5.20.42.00;Aux¡lios;0,00;0,00;1.593.516,47
18101;6969;128;4.5.20.42.00;Aux¡lios;2.083.000,00;4.138.136,00;0,00
18101;6969;128;4.5.20.42.00;Aux¡lios;0,00;0,00;51.292,89
18101;6969;128;4.5.20.42.00;Aux¡lios;0,00;0,00;248.234,13
18101;6969;128;4.5.20.42.00;Aux¡lios;0,00;0,00;1.507.177,79
18101;6969;128;4.5.20.42.00;Aux¡lios;0,00;0,00;1.403.654,67
18101;6969;128;4.5.20.42.00;Aux¡lios;505.000,00;505.000,00;0,00
18101;6969;128;4.5.20.42.00;Aux¡lios;1.300.000,00;1.140.000,00;0,00
18101;6969;128;4.5.20.42.00;Aux¡lios;2.083.000,00;953.000,00;0,00
18101;6969;128;4.5.20.42.00;Aux¡lios;929.000,00;629.000,00;0,00
18101;6969;128;4.5.20.42.00;Aux¡lios;0,00;114.378,00;0,00
18101;6969;128;4.5.20.42.00;Aux¡lios;1.500.000,00;950.000,00;0,00
18101;6969;128;4.5.20.42.00;Aux¡lios;2.083.000,00;1.598.989,00;0,00
18101;6969;128;4.5.20.42.00;Aux¡lios;0,00;0,00;223.695,33
18101;6969;128;4.5.20.42.00;Aux¡lios;0,00;0,00;364.517,45
18101;6969;128;4.5.20.42.00;Aux¡lios;0,00;0,00;482.715,63
18101;6969;128;4.5.20.42.00;Aux¡lios;0,00;0,00;1.513.322,51
18101;6969;128;4.5.20.42.00;Aux¡lios;0,00;0,00;103.534,66
18101;6969;128;4.5.20.42.00;Aux¡lios;1.062.000,00;2.033.667,00;0,00
18101;6969;128;4.5.20.42.00;Aux¡lios;0,00;0,00;1.129.224,69
18101;6969;128;4.5.20.42.00;Aux¡lios;1.083.000,00;583.000,00;0,00
18101;6969;128;4.5.20.42.00;Aux¡lios;0,00;0,00;4.138.135,25
18101;6969;128;4.5.20.42.00;Aux¡lios;579.000,00;1.066.799,00;0,00
18101;7017;128;3.3.90.39.00;Outros Servi‡os de Terceiros - Pessoa Jur¡dica;0,00;2.000.000,00;0,00
18101;7017;128;3.3.90.39.00;Outros Servi‡os de Terceiros - Pessoa Jur¡dica;0,00;0,00;0,00
18101;7725;128;3.3.90.32.00;Material, Bem ou Servi‡o para Distribui‡Æo Gratuita;57.000,00;57.000,00;0,00
18101;7725;128;3.3.90.32.00;Material, Bem ou Servi‡o para Distribui‡Æo Gratuita;0,00;0,00;0,00
18101;7725;128;3.3.90.32.00;Material, Bem ou Servi‡o para Distribui‡Æo Gratuita;0,00;0,00;0,00
18101;7725;128;3.3.90.32.00;Material, Bem ou Servi‡o para Distribui‡Æo Gratuita;0,00;0,00;145.902,60
18101;7725;128;3.3.90.32.00;Material, Bem ou Servi‡o para Distribui‡Æo Gratuita;0,00;0,00;480.206,40
18101;7725;128;3.3.90.32.00;Material, Bem ou Servi‡o para Distribui‡Æo Gratuita;0,00;0,00;0,00
18101;7725;128;3.3.90.32.00;Material, Bem ou Servi‡o para Distribui‡Æo Gratuita;0,00;0,00;0,00
18101;7725;128;3.3.90.32.00;Material, Bem ou Servi‡o para Distribui‡Æo Gratuita;0,00;0,00;0,00
18101;7725;128;3.3.90.32.00;Material, Bem ou Servi‡o para Distribui‡Æo Gratuita;1.108.000,00;1.108.000,00;0,00
18101;7725;128;3.3.90.32.00;Material, Bem ou Servi‡o para Distribui‡Æo Gratuita;369.000,00;369.000,00;0,00
18101;7725;128;3.3.90.32.00;Material, Bem ou Servi‡o para Distribui‡Æo Gratuita;1.108.000,00;448.000,00;0,00
18101;7725;128;3.3.90.32.00;Material, Bem ou Servi‡o para Distribui‡Æo Gratuita;767.000,00;1.169.434,00;0,00
18101;7725;128;3.3.90.32.00;Material, Bem ou Servi‡o para Distribui‡Æo Gratuita;369.000,00;369.000,00;0,00
18101;7725;128;3.3.90.32.00;Material, Bem ou Servi‡o para Distribui‡Æo Gratuita;264.000,00;152.000,00;0,00
18101;7725;128;3.3.90.32.00;Material, Bem ou Servi‡o para Distribui‡Æo Gratuita;0,00;0,00;320.760,00
18101;7725;128;3.3.90.32.00;Material, Bem ou Servi‡o para Distribui‡Æo Gratuita;0,00;0,00;0,00
18101;7725;128;3.3.90.32.00;Material, Bem ou Servi‡o para Distribui‡Æo Gratuita;0,00;0,00;967.586,88
18101;7725;128;3.3.90.32.00;Material, Bem ou Servi‡o para Distribui‡Æo Gratuita;0,00;0,00;347.844,00
18101;7725;128;3.3.90.32.00;Material, Bem ou Servi‡o para Distribui‡Æo Gratuita;0,00;0,00;0,00
18101;7725;128;3.3.90.32.00;Material, Bem ou Servi‡o para Distribui‡Æo Gratuita;369.000,00;369.000,00;0,00
18101;7725;128;3.3.90.32.00;Material, Bem ou Servi‡o para Distribui‡Æo Gratuita;739.000,00;239.000,00;0,00
18101;7725;128;3.3.90.32.00;Material, Bem ou Servi‡o para Distribui‡Æo Gratuita;739.000,00;739.000,00;0,00
18101;7725;128;3.3.90.32.00;Material, Bem ou Servi‡o para Distribui‡Æo Gratuita;1.298.000,00;321.425,00;0,00
18101;7725;128;3.3.90.32.00;Material, Bem ou Servi‡o para Distribui‡Æo Gratuita;0,00;0,00;784.812,80
18101;7725;128;3.3.90.32.00;Material, Bem ou Servi‡o para Distribui‡Æo Gratuita;0,00;0,00;0,00
18101;7725;128;3.3.90.32.00;Material, Bem ou Servi‡o para Distribui‡Æo Gratuita;0,00;0,00;1.124.902,40
18101;7725;128;3.3.90.32.00;Material, Bem ou Servi‡o para Distribui‡Æo Gratuita;0,00;0,00;0,00
18101;7725;128;3.3.90.32.00;Material, Bem ou Servi‡o para Distribui‡Æo Gratuita;0,00;0,00;0,00
18101;7725;128;3.3.90.32.00;Material, Bem ou Servi‡o para Distribui‡Æo Gratuita;0,00;0,00;253.812,96
18101;7725;128;3.3.90.32.00;Material, Bem ou Servi‡o para Distribui‡Æo Gratuita;0,00;0,00;0,00
18101;7725;128;3.3.90.32.00;Material, Bem ou Servi‡o para Distribui‡Æo Gratuita;1.101.000,00;701.000,00;0,00
18101;7725;128;3.3.90.32.00;Material, Bem ou Servi‡o para Distribui‡Æo Gratuita;559.000,00;559.000,00;0,00
18101;7725;128;3.3.90.32.00;Material, Bem ou Servi‡o para Distribui‡Æo Gratuita;739.000,00;739.000,00;0,00
18101;7725;128;3.3.90.32.00;Material, Bem ou Servi‡o para Distribui‡Æo Gratuita;739.000,00;139.000,00;0,00
18101;7725;128;3.3.90.32.00;Material, Bem ou Servi‡o para Distribui‡Æo Gratuita;0,00;0,00;174.212,28
18101;7725;128;3.3.90.32.00;Material, Bem ou Servi‡o para Distribui‡Æo Gratuita;0,00;0,00;248.020,48
18101;7725;128;3.3.90.32.00;Material, Bem ou Servi‡o para Distribui‡Æo Gratuita;11.000,00;11.000,00;0,00
18101;7725;128;3.3.90.32.00;Material, Bem ou Servi‡o para Distribui‡Æo Gratuita;1.108.000,00;2.407.069,00;0,00
18101;7725;128;3.3.90.32.00;Material, Bem ou Servi‡o para Distribui‡Æo Gratuita;0,00;0,00;0,00
18101;7725;128;3.3.90.32.00;Material, Bem ou Servi‡o para Distribui‡Æo Gratuita;0,00;0,00;0,00
18101;7725;128;3.3.90.32.00;Material, Bem ou Servi‡o para Distribui‡Æo Gratuita;0,00;0,00;297.702,00
18101;7725;128;3.3.90.32.00;Material, Bem ou Servi‡o para Distribui‡Æo Gratuita;0,00;0,00;0,00
18101;7725;128;3.3.90.32.00;Material, Bem ou Servi‡o para Distribui‡Æo Gratuita;0,00;0,00;213.371,04
18101;7725;128;3.3.90.32.00;Material, Bem ou Servi‡o para Distribui‡Æo Gratuita;0,00;0,00;0,00
18101;7725;128;3.3.90.32.00;Material, Bem ou Servi‡o para Distribui‡Æo Gratuita;369.000,00;369.000,00;0,00
18101;7725;128;3.3.90.32.00;Material, Bem ou Servi‡o para Distribui‡Æo Gratuita;369.000,00;169.000,00;0,00
18101;7725;128;3.3.90.32.00;Material, Bem ou Servi‡o para Distribui‡Æo Gratuita;369.000,00;969.666,00;0,00
18101;7725;128;3.3.90.32.00;Material, Bem ou Servi‡o para Distribui‡Æo Gratuita;369.000,00;429.000,00;0,00
18101;7725;128;3.3.90.32.00;Material, Bem ou Servi‡o para Distribui‡Æo Gratuita;0,00;0,00;87.753,60
18101;7725;128;3.3.90.32.00;Material, Bem ou Servi‡o para Distribui‡Æo Gratuita;0,00;0,00;0,00
18101;7725;128;3.3.90.32.00;Material, Bem ou Servi‡o para Distribui‡Æo Gratuita;0,00;0,00;559.684,98
18101;7725;128;3.3.90.32.00;Material, Bem ou Servi‡o para Distribui‡Æo Gratuita;0,00;0,00;0,00
18101;7725;128;3.3.90.32.00;Material, Bem ou Servi‡o para Distribui‡Æo Gratuita;0,00;0,00;0,00
18101;7725;128;3.3.90.32.00;Material, Bem ou Servi‡o para Distribui‡Æo Gratuita;0,00;0,00;1.214.457,82
18101;7725;128;3.3.90.32.00;Material, Bem ou Servi‡o para Distribui‡Æo Gratuita;0,00;0,00;0,00
18101;7725;128;3.3.90.32.00;Material, Bem ou Servi‡o para Distribui‡Æo Gratuita;0,00;0,00;0,00
18101;7725;128;3.3.90.32.00;Material, Bem ou Servi‡o para Distribui‡Æo Gratuita;915.000,00;915.000,00;0,00
18101;7725;128;3.3.90.32.00;Material, Bem ou Servi‡o para Distribui‡Æo Gratuita;559.000,00;559.000,00;0,00
18101;7725;128;3.3.90.32.00;Material, Bem ou Servi‡o para Distribui‡Æo Gratuita;0,00;0,00;0,00
18101;7725;128;3.3.90.32.00;Material, Bem ou Servi‡o para Distribui‡Æo Gratuita;0,00;0,00;328.770,00
18101;7725;128;3.3.90.32.00;Material, Bem ou Servi‡o para Distribui‡Æo Gratuita;0,00;0,00;0,00
18101;7725;128;3.3.90.32.00;Material, Bem ou Servi‡o para Distribui‡Æo Gratuita;0,00;0,00;0,00
18101;7725;128;3.3.90.32.00;Material, Bem ou Servi‡o para Distribui‡Æo Gratuita;0,00;0,00;0,00
18101;7725;128;3.3.90.32.00;Material, Bem ou Servi‡o para Distribui‡Æo Gratuita;0,00;0,00;0,00
18101;7725;128;3.3.90.32.00;Material, Bem ou Servi‡o para Distribui‡Æo Gratuita;0,00;0,00;449.877,84
18101;7725;128;3.3.90.32.00;Material, Bem ou Servi‡o para Distribui‡Æo Gratuita;0,00;0,00;0,00
18101;7725;128;3.3.90.32.00;Material, Bem ou Servi‡o para Distribui‡Æo Gratuita;0,00;0,00;0,00
18101;7725;128;3.3.90.32.00;Material, Bem ou Servi‡o para Distribui‡Æo Gratuita;0,00;0,00;2.302.823,02
18101;7725;128;3.3.90.32.00;Material, Bem ou Servi‡o para Distribui‡Æo Gratuita;559.000,00;559.000,00;0,00
18101;7725;128;3.3.90.32.00;Material, Bem ou Servi‡o para Distribui‡Æo Gratuita;929.000,00;1.257.406,00;0,00
18101;7725;128;3.3.90.32.00;Material, Bem ou Servi‡o para Distribui‡Æo Gratuita;559.000,00;200.000,00;0,00
18101;7725;128;3.3.90.32.00;Material, Bem ou Servi‡o para Distribui‡Æo Gratuita;559.000,00;200.000,00;0,00
18101;7988;100;3.3.90.14.00;Di rias Civil;0,00;3.000,00;0,00
18101;7988;100;3.3.90.14.00;Di rias Civil;0,00;0,00;48,00
18101;7988;100;4.4.40.42.00;Aux¡lios;0,00;0,00;0,00
18101;7988;100;3.3.90.39.00;Outros Servi‡os de Terceiros - Pessoa Jur¡dica;0,00;0,00;0,00
18101;7988;128;3.3.90.39.00;Outros Servi‡os de Terceiros - Pessoa Jur¡dica;0,00;20.000,00;0,00
18101;7988;100;3.3.90.39.00;Outros Servi‡os de Terceiros - Pessoa Jur¡dica;0,00;0,00;0,00
18101;7988;128;3.3.90.39.00;Outros Servi‡os de Terceiros - Pessoa Jur¡dica;0,00;0,00;0,00
18101;7988;100;3.3.90.39.00;Outros Servi‡os de Terceiros - Pessoa Jur¡dica;0,00;0,00;0,00
18101;7988;100;3.3.90.39.00;Outros Servi‡os de Terceiros - Pessoa Jur¡dica;0,00;0,00;0,00
18101;7988;100;3.3.90.14.00;Di rias Civil;0,00;0,00;2.507,00
18101;7988;100;3.3.90.33.00;Passagens e Despesas com Locomo‡Æo;15.000,00;95,00;0,00
18101;7988;100;3.3.90.14.00;Di rias Civil;0,00;4.000,00;0,00
18101;7988;100;3.3.90.14.00;Di rias Civil;0,00;435,00;0,00
18101;7988;100;3.3.90.14.00;Di rias Civil;0,00;1.200,00;0,00
18101;7988;100;3.3.90.39.00;Outros Servi‡os de Terceiros - Pessoa Jur¡dica;0,00;0,00;10.986,50
18101;7988;100;3.3.90.39.00;Outros Servi‡os de Terceiros - Pessoa Jur¡dica;100.000,00;10.987,00;0,00
18101;7988;100;3.3.90.14.00;Di rias Civil;0,00;500,00;0,00
18101;7988;100;3.3.90.14.00;Di rias Civil;0,00;360,00;0,00
18101;7988;128;3.3.90.39.00;Outros Servi‡os de Terceiros - Pessoa Jur¡dica;0,00;0,00;0,00
18101;7988;100;3.3.90.14.00;Di rias Civil;0,00;0,00;2.742,60
18101;7988;100;3.3.90.14.00;Di rias Civil;0,00;1.000,00;0,00
18101;7988;100;3.3.90.14.00;Di rias Civil;0,00;1.000,00;0,00
18101;7988;100;3.3.90.14.00;Di rias Civil;0,00;0,00;161,00
18101;7988;100;3.3.90.14.00;Di rias Civil;0,00;0,00;46,00
18101;7988;100;3.3.90.14.00;Di rias Civil;0,00;0,00;276,00
18101;7988;100;3.3.90.14.00;Di rias Civil;0,00;0,00;853,00
18101;7988;100;3.3.90.14.00;Di rias Civil;0,00;276,00;0,00
18101;7988;100;4.4.40.42.00;Aux¡lios;0,00;100.000,00;0,00
18101;7988;100;3.3.90.14.00;Di rias Civil;0,00;3.600,00;0,00
18101;7988;100;3.3.90.14.00;Di rias Civil;0,00;0,00;1.039,20
18101;7988;128;3.3.50.41.00;Contribui‡äes;0,00;0,00;0,00
18101;7988;100;3.3.90.14.00;Di rias Civil;0,00;0,00;46,00
18101;7988;100;3.3.90.14.00;Di rias Civil;0,00;0,00;1.183,00
18101;7988;100;3.3.90.14.00;Di rias Civil;0,00;0,00;360,00
18101;7988;100;3.3.90.14.00;Di rias Civil;0,00;2.000,00;0,00
18101;7988;100;3.3.90.39.00;Outros Servi‡os de Terceiros - Pessoa Jur¡dica;0,00;18.000,00;0,00
18101;7988;100;3.3.90.14.00;Di rias Civil;0,00;828,00;0,00
18101;7988;128;3.3.90.39.00;Outros Servi‡os de Terceiros - Pessoa Jur¡dica;0,00;0,00;0,00
18101;7988;100;3.3.90.33.00;Passagens e Despesas com Locomo‡Æo;0,00;0,00;95,00
18101;7988;100;4.4.40.42.00;Aux¡lios;0,00;0,00;100.000,00
18101;7988;100;3.3.90.14.00;Di rias Civil;0,00;0,00;2.035,20
18101;7988;100;3.3.90.14.00;Di rias Civil;0,00;0,00;552,00
18101;7988;128;3.3.90.39.00;Outros Servi‡os de Terceiros - Pessoa Jur¡dica;145.000,00;125.000,00;0,00
18101;7988;100;3.3.90.14.00;Di rias Civil;35.000,00;1.200,00;0,00
18101;7988;128;3.3.50.41.00;Contribui‡äes;145.000,00;145.000,00;0,00
18101;7988;100;3.3.90.39.00;Outros Servi‡os de Terceiros - Pessoa Jur¡dica;0,00;0,00;0,00
18101;1383;100;3.3.90.39.00;Outros Servi‡os de Terceiros - Pessoa Jur¡dica;100.000,00;15.000,00;0,00
18101;1383;100;3.3.90.39.00;Outros Servi‡os de Terceiros - Pessoa Jur¡dica;0,00;0,00;0,00
18101;5536;324;3.3.90.14.00;Di rias Civil;0,00;5.000,00;0,00
18101;5536;324;3.3.90.33.00;Passagens e Despesas com Locomo‡Æo;0,00;0,00;0,00
18101;5536;324;3.3.90.33.00;Passagens e Despesas com Locomo‡Æo;0,00;15.000,00;0,00
18101;5536;324;3.3.90.39.00;Outros Servi‡os de Terceiros - Pessoa Jur¡dica;0,00;180.000,00;0,00
18101;5536;324;3.3.90.39.00;Outros Servi‡os de Terceiros - Pessoa Jur¡dica;0,00;0,00;0,00
18101;5536;324;3.3.90.14.00;Di rias Civil;0,00;0,00;517,50
18101;5538;324;3.3.90.14.00;Di rias Civil;0,00;60.000,00;0,00
18101;5538;324;3.3.90.39.00;Outros Servi‡os de Terceiros - Pessoa Jur¡dica;0,00;0,00;0,00
18101;5538;324;3.3.90.33.00;Passagens e Despesas com Locomo‡Æo;0,00;20.000,00;0,00
18101;5538;324;3.3.90.39.00;Outros Servi‡os de Terceiros - Pessoa Jur¡dica;0,00;170.000,00;0,00
18101;5538;324;3.3.90.33.00;Passagens e Despesas com Locomo‡Æo;0,00;0,00;0,00
18101;5538;324;3.3.90.35.00;Servi‡os de Consultoria;0,00;50.000,00;0,00
18101;5538;324;3.3.90.14.00;Di rias Civil;0,00;0,00;1.610,00
18101;5538;324;3.3.90.35.00;Servi‡os de Consultoria;0,00;0,00;0,00
18101;7854;324;3.3.90.39.00;Outros Servi‡os de Terceiros - Pessoa Jur¡dica;0,00;0,00;0,00
18101;7854;324;4.4.90.51.00;Obras e Instala‡äes;0,00;0,00;0,00
18101;7854;324;4.4.90.51.00;Obras e Instala‡äes;0,00;50.000,00;0,00
18101;7854;324;3.3.90.39.00;Outros Servi‡os de Terceiros - Pessoa Jur¡dica;0,00;150.000,00;0,00
18101;2000;100;3.3.90.36.00;Outros Servi‡os de Terceiros - Pessoa F¡sica;0,00;0,00;14.854,50
18101;2000;100;3.3.90.93.00;Indeniza‡äes e Restitui‡äes;0,00;1.391,00;0,00
18101;2000;100;3.3.91.39.00;Outros Servi‡os de Terceiros - Pessoa Jur¡dica;4.000,00;4.000,00;0,00
18101;2000;100;4.4.90.52.00;Equipamento e Material Permanente;144.000,00;144.000,00;0,00
18101;2000;100;3.3.90.92.00;Despesas de Exerc¡cios Anteriores;0,00;0,00;0,04
18101;2000;100;3.3.90.37.00;Loca‡Æo de MÆo-de-Obra;0,00;0,00;0,00
18101;2000;100;3.3.90.33.00;Passagens e Despesas com Locomo‡Æo;0,00;0,00;3.000,00
18101;2000;100;3.3.91.39.00;Outros Servi‡os de Terceiros - Pessoa Jur¡dica;0,00;0,00;0,00
18101;2000;100;3.3.90.08.00;Outros Benef¡cios Assistenciais;0,00;0,00;2.248,05
18101;2000;100;4.4.90.52.00;Equipamento e Material Permanente;0,00;0,00;3.344,00
18101;2000;100;3.3.90.36.00;Outros Servi‡os de Terceiros - Pessoa F¡sica;0,00;91.200,00;0,00
18101;2000;100;3.3.90.37.00;Loca‡Æo de MÆo-de-Obra;180.000,00;180.000,00;0,00
18101;2000;100;3.3.90.92.00;Despesas de Exerc¡cios Anteriores;0,00;100,00;0,00
18101;2000;100;3.3.90.39.00;Outros Servi‡os de Terceiros - Pessoa Jur¡dica;0,00;0,00;12.227,12
18101;2000;100;3.3.90.33.00;Passagens e Despesas com Locomo‡Æo;0,00;0,00;0,00
18101;2000;100;3.3.90.33.00;Passagens e Despesas com Locomo‡Æo;48.000,00;46.609,00;0,00
18101;2000;100;3.3.90.39.00;Outros Servi‡os de Terceiros - Pessoa Jur¡dica;927.000,00;141.100,00;0,00
18101;2000;100;3.3.90.93.00;Indeniza‡äes e Restitui‡äes;0,00;0,00;1.333,00
18101;2000;100;3.3.90.30.00;Material de Consumo;0,00;0,00;28.480,33
18101;2000;100;3.3.90.14.00;Di rias Civil;0,00;0,00;23.305,90
18101;2000;100;3.3.90.14.00;Di rias Civil;72.000,00;72.000,00;0,00
18101;2000;100;3.3.90.08.00;Outros Benef¡cios Assistenciais;0,00;2.300,00;0,00
18101;2000;100;3.3.90.30.00;Material de Consumo;24.000,00;45.300,00;0,00
18101;2001;100;3.1.90.16.00;Outras Despesas Vari veis - Pessoal Civil;0,00;0,00;1.746,72
18101;2001;100;3.1.90.13.00;Obriga‡äes Patronais;0,00;0,00;830.983,98
18101;2001;100;3.1.90.05.00;Outros Benef¡cios Previdenci rios do Servidor ou do Militar;0,00;0,00;387,28
18101;2001;100;3.1.90.13.00;Obriga‡äes Patronais;264.000,00;1.764.000,00;0,00
18101;2001;100;3.1.90.11.00;Vencimentos e Vantagens Fixas - Pessoal Civil;0,00;0,00;7.345.902,70
18101;2001;100;3.1.91.13.00;Obriga‡äes Patronais;90.000,00;2.043.900,00;0,00
18101;2001;100;3.1.90.05.00;Outros Benef¡cios Previdenci rios do Servidor ou do Militar;4.200,00;4.200,00;0,00
18101;2001;100;3.1.90.11.00;Vencimentos e Vantagens Fixas - Pessoal Civil;5.296.800,00;12.532.900,00;0,00
18101;2001;100;3.1.91.13.00;Obriga‡äes Patronais;0,00;0,00;672.405,52
18101;2001;100;3.1.90.16.00;Outras Despesas Vari veis - Pessoal Civil;12.000,00;16.000,00;0,00
18101;2002;100;3.3.90.30.00;Material de Consumo;24.000,00;24.000,00;0,00
18101;2002;100;3.3.90.30.00;Material de Consumo;0,00;0,00;5.349,95
18101;2002;100;4.4.90.52.00;Equipamento e Material Permanente;24.000,00;24.000,00;0,00
18101;2002;100;3.3.90.39.00;Outros Servi‡os de Terceiros - Pessoa Jur¡dica;12.000,00;294.500,00;0,00
18101;2002;100;4.4.90.52.00;Equipamento e Material Permanente;0,00;0,00;0,00
18101;2002;100;3.3.90.39.00;Outros Servi‡os de Terceiros - Pessoa Jur¡dica;0,00;0,00;8.287,78
18101;2005;100;3.1.90.04.00;Contrata‡Æo por Tempo Determinado;0,00;0,00;2.373.795,03
18101;2005;100;3.1.90.04.00;Contrata‡Æo por Tempo Determinado;0,00;3.810.692,00;0,00
18101;2009;100;3.3.90.08.00;Outros Benef¡cios Assistenciais;3.000,00;3.000,00;0,00
18101;2009;100;3.3.90.08.00;Outros Benef¡cios Assistenciais;0,00;0,00;1.448,10
18101;2013;100;3.3.90.46.00;Aux¡lio-Alimenta‡Æo;0,00;0,00;408.670,24
18101;2013;100;3.3.90.46.00;Aux¡lio-Alimenta‡Æo;72.000,00;1.378.312,00;0,00
18101;2013;100;3.3.90.49.00;Aux¡lio-Transporte;0,00;0,00;271.179,51
18101;2013;100;3.3.90.49.00;Aux¡lio-Transporte;30.000,00;1.332.719,00;0,00
18101;2018;100;3.3.90.39.00;Outros Servi‡os de Terceiros - Pessoa Jur¡dica;0,00;0,00;0,00
18101;2018;100;3.3.90.39.00;Outros Servi‡os de Terceiros - Pessoa Jur¡dica;24.000,00;297.500,00;0,00
18101;2020;100;3.3.90.39.00;Outros Servi‡os de Terceiros - Pessoa Jur¡dica;0,00;0,00;0,00
18101;2020;100;3.3.90.39.00;Outros Servi‡os de Terceiros - Pessoa Jur¡dica;12.000,00;127.000,00;0,00
18101;2022;100;3.3.91.41.00;Contribui‡äes;45.000,00;45.000,00;0,00
18101;2022;100;3.3.91.41.00;Contribui‡äes;0,00;0,00;34.079,12
